doc_id,title,date,address,Categories,content
645,"White Paper: Saudi Arabia and Political, Economic & Social Development",2017/5/1,https://saudiembassy.net/reports/white-paper-saudi-arabia-and-political-economic-social-development,reports,"The development of Saudi Arabia is not a recent phenomenon.??It is a steady project of modernization, in which each generation builds on the progress of its antecedents. For decades, Saudi Arabia has made and effort to improve the lives of its citizens ?Ćō using the wealth generated from the Kingdom?ĆÖs natural resources to fund the social and economic development of the nation. Saudi Arabia
SAUDI-U.S. RELATIONS
MARCH 2017
INSIDE THIS ISSUE
U.S. Visit of Deputy Crown Prince Focuses on Security, Economics
Foreign Minister Expresses Confidence in Administration in Interview with Fox News
Energy Minister: Saudi-US Relations Are in Alignment   
Saudi Arabia Participates in Counter Daesh Coalition Meeting   
Saudi Arabia Supports America?ĆÖs Tough Stance on Terrorism, Iran
Saudi U.N.Delegation Hosts Yemen Coalition ExpertsSaudi Arabia Leads Efforts to Support Yemen?ĆÖs Health Sector
Saudi Women Are Redefining Their Roles
NOTABLE QUOTE
?Ć£I believe that no two countries are working as closely in fighting terrorism, and in particular ISIS, as the Kingdom of Saudi Arabia and the United States.This has been the case for a number of years.
We are intensifying our efforts.?ĆØ?Ćō Saudi Foreign Minister Adel bin Ahmed Al-Jubeir,March 23, 2017
U.S. Visit of Deputy Crown Prince Focuses on Security, Economics 
In his first visit to the United States under the new administration, Deputy Crown Prince Mohammed bin Salman, Second Deputy Prime Minister and Minister of Defense, met with President Donald Trump, Vice President Mike Pence and Secretary of Defense Jim Mattis to discuss the longstanding and strategic Saudi-U.S. relationship.
?Ć£I would like to commend again the historical and strategic relations between our two countries witnessing further development in all fields,?ĆØ stated Prince Moham-med in a cable to President Trump upon his departure on March 17.
Following the March 14 White House meeting, the White House reaffirmed the importance of the relationship, characterizing it as ?Ć£strong, broad and enduring.?ĆØ
SAUDI-U.S. RELATIONS
Foreign Minister Expresses Confidence in Administration in Interview with Fox News
On March 23, Foreign Minister Adel bin Ahmed Al-Jubeir held an exclusive interview with James Rosen of Fox News.
In response to questions about President Trump, Minister Al-Jubeir remarked, ?Ć£I believe that he has vision.
I believe that he understands the importance of having America playing a big role in the world.We support that.?ĆØ
Minister Al-Jubeir also commented on the state of security in the Middle East, emphasizing that Iran has intensified its covert actions and military activities in the Middle East following the implementation of the Joint Comprehensive Plan of Action (JCPOA).
?Ć£I believe they [administration] will be less forgiving of Iran?ĆÖs violations of the missile accords, its threats to maritime security in the Bab el-Mandab area, and in the Strait of Hormuz.
I believe they will be very strict in enforcing the nuclear agreement to the letter,?ĆØ he said.
Energy Minister: Saudi-US Relations Are in Alignment
In an interview with Bloomberg?ĆÖs Kathleen Hays on March 16, Energy Minister Khaled Al-Falih commented on the Saudi-US relationship following the meeting with Deputy Crown Prince Mohammed and President Trump.
Minister Al-Falih was part of the official delegation.
?Ć£The visit gives us a chance to refresh, renew and revive that relationship and take it to a higher level, which has been achieved by near-perfect alignment on geopolitical, security as well as economic points of views,?ĆØ said Minister Al-Falih.
?Ć£That has been strengthened even further by the great rapport and bonding that was created between President Trump and HRH Prince Mohammed bin Salman as well as between the ministers and the delegations on both sides as we establish channels of communication, cooperation and driving the issues that are important for our two countries.?ĆØ
COUNTERTERRORISM
Saudi Arabia Participates in Counter Daesh Coalition Meeting
Foreign Minister Al-Jubeir participated in a ministerial meeting of the Global Coalition Against Daesh (ISIS) in Washington on March 22, once again emphasizing Saudi Arabia?ĆÖs commitment to standing with its international partners against terrorism across the world.
Saudi Arabia was one of the founding members of the coalition.
Minister Al-Jubeir held a separate meeting with Secretary of State Rex Tillerson the day after the meeting took place.
?Ć£I believe that no two countries are working as closely in fighting terrorism, and in particular ISIS, as the Kingdom of Saudi Arabia and the United States.
This has been the case for a number of years.
We are intensifying our efforts,?ĆØ Minister Al-Jubeir told reporters.
The conference, he stated, ?Ć£was huge success and reinforced the determination of the civilized world to take on this evil and to defeat it.?ĆØ 
Saudi Arabia Supports America?ĆÖs Tough Stance on Terrorism, Iran
In an op-ed on FoxNews.com on March 26, Adviser to the Saudi Defense Minister and Spokesman for the Saudi-led Coalition to Support Legitimacy in Yemen Brigadier General Ahmed Asseri asserted Saudi Arabia?ĆÖs commitment to supporting America?ĆÖs tough stance against Daesh, terrorism and Iran.
?Ć£While the US-Saudi partnership is time-tested, reaffirming this relationship is a matter of strategy, not sentiment,?ĆØ wrote Gen. Asseri.
Gen. Asseri emphasized that the Saudi-U.S. partnership is indispensable as the Kingdom confronts a host of challenges in the region, including putting an end to Iranian interference in Yemen, cutting off terrorist financing, combating extremism, and promoting maritime security.
?Ć£We stand shoulder-to-shoulder for a secure and stable Middle East in a peaceful and prosperous world,?ĆØ he concluded.
Gen. Asseri also highlighted the efforts the Kingdom is taking in mobilizing the Muslim world against terrorism and extremism, describing the 41-nation Islamic Coalition created under Saudi leadership.
REGIONAL SECURITY
Saudi U.N.Delegation Hosts Yemen Coalition ExpertsSaudi Arabia?ĆÖs Permanent Mission to the United Nations in New York convened a series of meetings from Feb.
27 to March 2 with military leaders, relief organizations and U.N.
organizations to promote the security and stability of Yemen.
A delegation of military leaders from the Coalition to Restore Legitimacy in Yemen, headed by Saudi Major General Misfer Al-Ghanem, met with John Ging, operations director of the UN Office for the Coordination of Humanitarian Affairs (OCHA).
Representatives of UNICEF, the UN Environment Program, the UN Population Fund, the UN Department of Safety and Security, the World Bank and the World Food Program (WFP) were also in attendance at the meetings.
HUMANITARIAN AID
Saudi Arabia Leads Efforts to Support Yemen?ĆÖs Health Sector
The Riyadh-based King Salman Humanitarian Aid and Relief Centre (KSRelief) is leading international efforts to rehabilitate the health sector in Yemen and provide life-saving care to injured and ill Yemenis.
The health system in the country has been nearly destroyed since the Houthi militias and forces loyal to former president Ali Abdullah Saleh usurped power in 2014.
KSRelief ?Ćō established in May 2015 ?Ćō has carried out more than 50 projects in health, nutrition, water and environmental sanitation in Yemen, valued at more than $208 million and benefiting 24.5 million Yemeni citizens.
The organization also treats the injured in Yemen by providing medical services and treatment devices.
KSRelief has partnered with the UN International Children?ĆÖs Emergency Fund (UNICEF) to train 3,153 health workers to manage acute malnutrition and opened 854 centers for a therapeutic nutrition program.
KSRelief mobile health teams have treated over a quarter of a million children suffering from acute malnutrition in Yemen and has provided immunization and postnatal care to over 1.2 million children through the country.
In collaboration with the World Health Organization (WHO), KSRelief has also provided basic services, including diabetes and cancer treatment, and supported the operation of emergency rooms by providing hundreds of thousands of galls of fuel to 88 hospitals and 19 health facilities throughout the country.
WOMEN?ĆÖS HISTORY MONTH
Saudi Women Are Redefining Their RolesOn March 8, a group of Saudi women marked International Women?ĆÖs Day by unveiling a campaign to highlight the changing role and economic potential of women in the Kingdom.
Saudi Arabia is in the midst of a great transformation.
Government reforms are diversifying the economy, revitalizing the cultural scene and modernizing the educational system.
Saudi women are in the vanguard of this transformation.
?Ć£It is the right time?Ć?we are more aware of the importance of women?ĆÖs participation in jobs, in different sectors,?ĆØ Princess Lamia bin Majed Al Saud, secretary general of Alwaleed Philanthropies, told Thomson Reuters Foundation.
Alwaleed Philanthropies is a charity that supports programs and policies to empower women.
She added, ?Ć£Women have achieved a lot in our country and we are very proud of this, achievements the outside community does not know about.
Like any other country we have obstacles, we acknowledge that?Ć?but we are doing our best to make it better.?ĆØ"
654,Initiative for Interfaith Dialogue,2011/1/1,https://saudiembassy.net/reports/initiative-interfaith-dialogue,reports,
655,https://saudiembassy.net/reports/joint-statement-crown-prince-abdullah-and-president-bush,2005/4/1,https://saudiembassy.net/reports/joint-statement-crown-prince-abdullah-and-president-bush,reports,"Sixty years ago, President Franklin D. Roosevelt and the Kingdom of Saudi Arabia's founder King Abdulaziz Al-Saud held a historic meeting upon a sturdy ship at the Great Bitter Lake in the Suez Canal. In six hours President Bush?ĆÖs predecessor and the Crown Prince?ĆÖs father established a strong personal bond that set the tone for decades of close relations between our two nations. SAUDI/ U.S.RELATIONS Joint Statement by Crown Prince Abdullah binAbdulaziz and President George W.
BushText of the Communiqu??
CRAWFORD, April 25, 2005
Sixty years ago, President Franklin D.Roosevelt and the Kingdom of SaudiArabia's founder King Abdulaziz Al-Saudheld a historic meeting upon a sturdy ship at the Great Bitter Lake in the Suez Canal.
In six hours President Bush?ĆÖs predecessorand the Crown Prince?ĆÖs father establisheda strong personal bond that set the tonefor decades of close relations between ourtwo nations.
Today, we renewed our personal friendship and that between our nations.
In our meeting we agreed that momentous changes in the world call onus to forge a new relationship between our two countries ?Ćō a strengthened partnership that builds on our past partnership, meets today?ĆÖs challenges, andembraces the opportunities our nations will face in the next sixty years.
Our friendship begins with the recognition that our nations have proudand very distinct histories.
The United States respects Saudi Arabia as the birthplace of Islam, one of the world?ĆÖs great religions, and as the?Ć£The Kingdom of Saudi Arabiaand the United States are close partners in many important endeavors.
symbolic center of the Islamic faith as custodian of Islam?ĆÖs two holy places in Makkah and Madinah.
Saudi Arabiareiterates its call on all those who teachand propagate the Islamic faith to adhere strictly to the Islamic message of peace,moderation, and tolerance and reject that which deviates from those principles.
Bothcountries agree that this message of peace,?ĆØ President Bush and Crown Prince Abdullah, Crawford, Texas, April 25, 2005 moderation, and tolerance must extend to those of all faiths and practices.
The two nations reaffirm the principles agreed toduring the international conference on counter-terrorism hosted by the Kingdomin February 2005.
These principles we reenshrined in the ?Ć£Riyadh Declaration?ĆØwhich calls for ?Ć£fostering values of understanding, tolerance, dialogue, co-existence, and the rapprochement between cultures .
[and] for fighting any form of thinking that promoteshatred, incites violence, and condonesterrorist crimes which can by no means be accepted by any religion or law.?ĆØThe Kingdom of Saudi Arabiarecognizes the principle of freedom uponwhich the United States was founded,including the freedoms enshrined under the first amendment of the United States Constitution.
The Kingdom appreciates the United States?ĆÖ historic role in working to end colonialism and imperialism and promoting the right of self-determination.
While the United States considers that nations will create institutions that reflectthe history, culture, and traditions of their societies, it does not seek to impose its ownstyle of government on the governmentand people of Saudi Arabia.
The United States applauds the recently held elections in the Kingdom for representatives tomunicipal councils and looks for even wider participation in accordance with the Kingdom?ĆÖs reform program.
United States are close partners in many important endeavors.
We welcome there newed determination of Saudi Arabia to pursue economic reform and its quest to join the World Trade Organization(WTO).
We will work together aspartners to complete our negotiations andwith other WTO members in Genevawith the aim of welcoming Saudi Arabia into the WTO before the end of 2005.
Both nations pledge to continue theircooperation so that the oil supply fromSaudi Arabia will be available and secure.
The United States appreciates Saudi Arabia?ĆÖs strong commitment to accelerating investment and expanding its production capacity to help provide stability and adequately supply the market.
The Kingdom of Saudi Arabia and theUnited States commit to actively help theIraqi people realize their aspirations tobuild a secure, sovereign, prosperous, andunified nation at peace with its neighborsand where Iraqis of all religions and ethnic groups are free to participate in its institutions.
Both nations call on theinternational community to support Iraq?ĆÖs political and economicdevelopment.
Both nations urge neighboring states not to interfere inIraq?ĆÖs internal political affairs.
Both our nations have witnessed thehorror of terrorism on our homelands by violent individuals and groups who indiscriminately kill people of all faithsand nationalities in order to further theirextremist agenda.
Both our nations assert our determination to continue to improve upon our close cooperation tocombat terrorism and to choke offresources intended for them and theirsupport networks.
We honor the memory of the victims of terrorism ?Ćō and those who have lost their lives fighting terrorists ?Ćō and pledge to work together until terrorism no longer threatens ournations and the entire world.
The United States and Saudi Arabiacontinue to support efforts to prevent the spread of nuclear weapons, and of the technology and material needed to develop and build nuclear weapons.
Efforts to develop and acquire such weapons run contrary to efforts to promote peace and stability in theregion.
?Ć£A high-level joint committee has been established to be headed by the Saudi Foreign Minister and the U.S. Secretary of State that will deal with strategic issues of vital importance to the two countries.
The United States and Saudi Arabia support UN Security Council Resolution1559 and, accordingly, take note ofSyria?ĆÖs decision to withdraw all its troopsand intelligence personnel fromLebanon.
Both nations welcome aprovisional Lebanese government andlook forward to free and fair electionsunburdened by foreign interference orintimidation.
With regard to the Palestinian-Israeliconflict, the United States and the Kingdom of Saudi Arabia desire a just,negotiated settlement wherein two democratic states, Israel and Palestine, liveside by side in peace and security.
We will continue our efforts to achieve this objective, and reiterate our support for the efforts of the Palestinian Authority tobring democracy, peace, and prosperity toall Palestinians.
The United States thanksCrown Prince Abdullah for his bold initiative ?Ćō adopted unanimously by the Arab Summit in 2002 ?Ćō that seeks to encourage an Israel-Palestinian and Israel-Arab peace.
We believe that an Israeliwithdrawal from Gaza and parts of theWest Bank will be a significant step forward toward implementation of the Road Map.
It is our firm conviction that resolving the Palestinian-Israeli conflictwill remove a major source of tension and contribute to stability and progress in the region.
Finally, the United States and SaudiArabia agree that our future relations mustrest on a foundation of broad cooperation.
We must work to expand dialogue,understanding, and interactions betweenour citizens.
This will include programs designed to (1) increase the number ofyoung Saudi students to travel and studyin the United States; (2) increase ourmilitary exchange programs so that moreSaudi officers visit the United States formilitary education and training; and (3) increase the number of Americans traveling to work and study in the Kingdom.
The United States recognizeswe must exert great efforts to overcomeobstacles facing Saudi businessmen andstudents who wish to enter the UnitedStates and we pledge to our Saudi friendsthat we will take on this effort.
A high-level joint committee has been established to be headed by the Saudi ForeignMinister and the U.S. Secretary of Statethat will deal with strategic issues of vitalimportance to the two countries.
Royal Embassy of Saudi Arabia, Information Office601 New Hampshire Avenue, N."
656,Press Conference on National Campaign Against Extremism,2005/3/1,https://saudiembassy.net/reports/press-conference-national-campaign-against-extremism,reports,"Held at the Saudi Embassy in Washington DC by Crown Prince Abdullah's Foreign Affairs Advisor Adel Al-Jubeir. THE KINGDOM OF SAUDI ARABIA
National Campaign Against Terrorism and Extremism
Public awareness campaign aims to educate Saudis about the realities and dangers of extremism and terrorism
WASHINGTON, March 7, 2005
The Kingdom of Saudi Arabia has beencarrying out a national public awareness and education campaign as part of its strategy to combat extremism.
This program, initiated with theCounter-Terrorism International Conferenceheld in Riyadh from February 5-8, 2005, features advertisements on television, radio and billboards, as well as programs on television, in schools and mosques, and at sporting events.
Its objective is to educateSaudi citizens about the true values of the Islamic faith and the importance of tolerance and moderation.
?Ć£The campaign will help educate our public, especially our young people, aboutthe dangers of extremism and terrorism,?ĆØsaid Adel Al-Jubeir, Foreign Affairs Advisorto Crown Prince Abdullah bin Abdulaziz.
The campaign, conducted over several weeks, has as one of its centerpieces a seriesof public service advertisements that havebeen airing up to 25 times a day on a numberof Arabic satellite networks including Al-Arabiya, MBC and Future Television, as well as on Saudi TV channels.
The size and scope of this campaign is unprecedented.
Six government ministries are coordinating the development and execution of the programs.
The Ministry of Education, for example, is sponsoring lectures at public schools that promote moderation, tolerance and peace and pointout the dangers of extremism.
?Ć£The bottom line is that no Saudi citizen will be able to escape the clear message thatintolerance, violence and extremism are notpart of our Islamic faith or Saudi culture or traditions,?ĆØ remarked Al-Jubeir.
?Ć£We are using different forms of communication to Adel Al-Jubeir, Foreign Affairs Advisor to Crown Prince Abdullahsend a clear and powerful message, and weare taking serious actions to undermine thestrength of those that try to misguide our young people.?ĆØ
Saudi Official Gives Press Conference on Kingdom?ĆÖs Campaign Against Extremism Opening remarks of Foreign Affairs Advisor Adel Al-Jubeir  
Welcome.Thank you for joining us today.
During the last several years the Kingdom of Saudi Arabia, in cooperation with ourglobal partners, has been engaged in a program to eradicate the roots of terrorism.
This effort is being conducted on three fronts simultaneously: We have gone after terrorists,those who support them, and those who condone their actions.
First, we have gone after the terrorists. 
We have pursued them relentlessly, killing or capturing their leaders, seizing their weapons, uncovering their arms caches.
We have over 700 terrorist suspects in custody and have severely diminished theterrorists?ĆÖ will and capability to attack inside Saudi Arabia.
Of the 26 most-wanted terroristsin Saudi Arabia, 18 have been captured or killed.
But we still have a long way to go to eliminate this scourge from our midst.
We have beefed up our security forces, we have acquired new methods and technologiesto track and pursue terrorist cells, and we have increased international cooperation to unprecedented levels.
No one can doubt the tenacity of our hunt for the terrorists or our effectiveness in bringing them to justice.
Second, we have gone after the financial support for terrorism.
We have made great efforts to identify and shut down the financial sources that may support terrorism.
We have enacted world class financial controls and have implemented the 40 recommendations on money laundering and8 recommendations on terror financing of theFinancial Action Task Force of the G-8.
The controls and mechanisms Saudi Arabia hasenacted are among the strictest in the world.
These restrictions include effective new controls on charities, recognizing that charitable giving is a central tenet of our faith and an important part of Saudi culture.
Today, no Saudi charity can send any fundsabroad without government oversight and control.
I doubt that any country has comeclose to this kind of regulation.
Third, and perhaps most importantly,Saudi Arabia has taken steps to combat the mindset that instills and justifies acts of terror, hatred and violence.
Islam is a religion of peace, benevolence and tolerance,and we will not allow deviants to corrupt our faith.
We are revitalizing our educational system to instill the true values of our faith:compassion, moderation, love and peace,while improving critical thinking.
In our mosques, imams who have preached hatredand violence have been taken to task.
An example has been set, and our religious scholars are working to bring those whohave deviated back to the peaceful and tolerant precepts of Islam.
As a part of the effort to change the mindset, I would like to introduce to you another step in our campaign againstextremism.
As a means to clearly communicate our message of tolerance and peace, Saudi Arabia has been carrying out an unprece-dented public service campaign inside ourown country designed to educate and informthe Saudi people about the evils and effects of terrorism and extremism.
The campaign includes public service announcements, special television programming and in-school
?Ć£Saudi Arabia has been carrying out an unprecedentedpublic service campaign insideour own country designed to educate and inform the Saudi people about the evils and effects of terrorism and extremism.
?ĆØAdel Al-Jubeir, Foreign Affairs Advisor to Crown Prince Abdullah Examples of Public Outreach education programs.
This campaign began with the hosting of the Counter-Terrorism International Conference that took place inRiyadh from February 5-8, and continues aswe speak.
For example, over a two-week period,schools and mosques in the Kingdom aredevoting time to lectures promoting modera-tion and tolerance, and highlighting the evilsof terrorism.
The size and scope of this campaign is unprecedented.
These messages are being displayed on billboards, ATMs, local advertisements and television.
The advertisements, all of which are inArabic, foster concepts to destroy the mindsetof hate and violence and appeal to the valuesthat all Saudis share, to work for a better society without extremism.
These ads are being shown on a number of Arabic satellitenetworks including Al-Arabiya, MBC andFuture Television, as well as on Saudi TVchannels.
The bottom line is that no Saudi citizenwill be able to escape the clear message thatintolerance, violence and extremism are notpart of our Islamic faith or Saudi culture ortraditions.
To demonstrate to you what the Saudipeople are seeing, we have prepared subtitledversions of a few of the advertisements.
There are three phases to the campaign.
The first is designed to personify and humanizethe victims of terrorism.
As you know, overthe past two years, more than 500 peoplebeen killed or injured by acts of terrorism inthe Kingdom, including over 35 brave securityofficers who gave their lives in the line ofduty and over 200 who were injured.
This first spot depicts a father who lost a son through terrorism.
Phase II of the campaign is designed tomake clear that terrorism and extremism arenot part of our faith, culture or society.
The final phase is designed to promotevalues and feelings of national pride.
The Saudi people have been galvanized in oppositionto Al-Qaeda and terrorism in general, andthis message is meant to continue to reinforce and mobilize national opinion.
In addition to the advertising campaign,we have also developed a series of special programming, some of which is designed to reach a younger audience.
We will be showing you excerpts from two of them.
We have a multi-series program called?Ć£The Discourse of Mind and Logic,?ĆØ a seriesof documentaries that addresses how terroristideology was spread in the region and in theKingdom and the effect it has had on SaudiArabia.
In this example, the narrator relatesthese effects on society and family, and youwill meet children whose innocence andfuture have been altered by terrorism.
This next program is from another seriesof documentaries, entitled ?Ć£Why??ĆØ You willsee members of families grieving because ofacts of terrorism that have killed or injuredtheir loved ones.
The goal of this program isto reinforce the importance of the true idealsof Islam ?Ćō tolerance and peace.
By relying on faith, it will help them overcome suchtragedy.
This national multimedia public servicecampaign is similar to, but more intensethan, the ?Ć£Just Say No?ĆØ or ?Ć£Friends Don?ĆÖt LetFriends Drink and Drive?ĆØ campaigns in theUnited States.
We are using different formsof communication to send a clear and powerfulmessage, and we are taking serious actions toundermine the strength of those that try tomisguide our young people.
God willing, this campaign will help educate our public, especially our young people, about the dangers of extremism, and contribute to the war against terrorism."
657,Overview of Counter-Terrorism International Conference,2005/2/1,https://saudiembassy.net/reports/overview-counter-terrorism-international-conference,reports,"
Crown Prince Abdullah's opening address, excerpsssts from other speeches including that of the U.S. delegate, and text of the 'Riyadh Declaration'. Counter-Terrorism
International Conference
Riyadh, Saudi ArabiaFebruary 5-8, 2005
Counter-Terrorism International ConferenceRiyadh, Saudi Arabia
?Ć£This conference represents the will of the international community to combat this crime in every aspect by fighting evil with justice, confrontingdeviant thought with wisdom and noble ideas, and challenging extremismwith moderation and tolerance.?ĆØHRH Crown Prince Abdullah bin Abdulaziz,Deputy Prime Minister and Commanderof the National Guard, February 5, 2005OPENING ADDRESSMy Dear Friends:The convening of this conference, which includes nations from various cultures, faiths and political systems, is clear testimony that terrorism, whenit strikes its victims, does not differentiate between cultures, faiths or formsof government.
Terrorism does not belong to any culture, or religion, orpolitical system.
It is a global crime perpetrated by evil minds filled withhatred towards humanity and consumed with a blind desire to kill and destroy.
This conference represents the will of the international community to combatthis crime in every aspect by fighting evil with justice, confronting deviantthought with wisdom and noble ideas, and challenging extremism with moderation and tolerance.
?Ć£?Ć?I call upon all countries to establish aninternational center for combating terrorismwhere experts in this area can exchange information instantly in response to thedemands of the situation and the need to prevent incidents ?Ćō God willing ?Ćō before they occur.?ĆØIt is important to recognize that terrorism is strongly linked to three otherglobal crimes: arms smuggling, drug smuggling and money laundering.
It will be more difficult for us to prevail in our war on terrorism if our wardoes not include a serious effort to confront the three other crimes.
My Dear Friends:The Kingdom of Saudi Arabia was one of the first countries to suffer fromterrorism and warn of its dangers.
It has dealt with it vigilantly on the local,regional and international levels.
We are fighting terrorism, those who support it and those who condone it.
We will continue to do so until weeliminate, with the help of God, this evil.
During this conference, we willpresent our experience in dealing with terrorism, and we also look forwardto benefiting from your experiences in this area.
I have no doubt - God willing - that our collective experiences will help all of us in the battleagainst terrorism.
It is our hope that this conference will usher in a new era of international cooperation in the war against terrorism that will enable us to rid our world of this threat.
In this regard, I call upon all countries to establish an international centerfor combating terrorism where experts in this area can exchange informationinstantly in response to the demands of the situation and the need to preventincidents ?Ćō God willing ?Ćō before they occur.
I realize that the danger of terrorism cannot be eliminated overnight, andthat our war against terrorism will be long and difficult, and that terrorism is becoming increasingly violent and vicious as we tighten the noose aroundit.
But I am fully confident - God willing - that the final outcome will be aresounding victory for the forces of moderation, tolerance and peace againstthe forces of hatred, extremism and crime, with the help of God Almighty,the ultimate supporter and protector.
Thank you, and may God?ĆÖs peace, mercy and blessings be upon you.
HRH Crown Prince Abdullah bin Abdulaziz, Deputy Prime Minister and Commander of the National GuardOpening address by HRH Crown Prince Abdullah bin Abdulaziz,Deputy Prime Minister and Commander of the National Guard.
?Ć£Terrorism does not belong to any culture, or religion, or political system.?ĆØIn the Name of God, Most Compassionate, Most MercifulMy Dear Brothers and Friends:May God?ĆÖs peace, mercy and blessings be upon you.
It is my pleasure to thank you for accepting the invitation to participate in this historic gathering, and to welcome you, on behalf of my brother, theCustodian of the Two Holy Mosques ?Ćō may God protect him ?Ćō and on behalfof the Saudi people, to the Kingdom of Saudi Arabia, the land of peace andIslam, from which an eternal message of equality and friendship between allpeople was launched.
In the words of the Almighty: ?Ć£O, Mankind, we havecreated you from a male and female and made you into nations and tribesthat you may know one another.
Verily, the most honorable of you beforeGod is the one who is most pious.?ĆØThis eternal call from our Almighty God represents the true spirit of Islam, a religion of peace, wisdom and righteousness, not the false slogansespoused by those outside the bounds of Islam who proclaim them from dark caves in order for the enemies of Islam to use them to create a distortedpicture of our faith.
The prophet of Islam - God?ĆÖs peace and blessings beupon him - is a prophet of mercy, and Islam is a religion of mercy.
It istherefore not possible that mercy and terrorism can co-exist in one mind, or one heart, or one house.
THE KINGDOM OF SAUDI ARABIAExcerpts from a speech by HRH Prince Nayef bin Abdulaziz, Minister of Interior at the opening of the first plenary session.
?Ć£The terrorist events that have been witnessed by[Saudi Arabia] have been perpetrated by a minorityof miscreants who claimed that their crimes weremotivated by religion.
This is a patently false claim,because their crimes in reality have nothing to dowith the true Islamic faith.
In fact, they have justbeen the purveyors of a delinquent ideology thathas lost its way and forsaken the tolerant teachingsof Islam, feeding instead on alien ideas that havecaused damage to human life and property.
?Ć£In fact, terrorism is not just an act, but the product of an aberrant ideology that must befought.
That is why the onus of the responsibilitylies with all societies, with all their institutions, toconfront and combat terrorism since, just as thesecurity institutions have their obligations, cultural - academic, mass media, and educational - institutionshave a great responsibility to inculcate the rightideals and sound human values and to immunizesocieties against any delinquent ideas or evil deeds.?ĆØHRH Prince Nayef bin Abdulaziz, Minister of InteriorHRH Prince Saud Al-Faisal, Minister of Foreign AffairsExcerpts from a daily press briefing by HRH Prince Saud Al-Faisal,Minister of Foreign Affairs on February 6, 2005.
?Ć£The delegates also agreed that any counter-terrorism attempt will fall short unless it is part of a collective effort on the part of the internationalcommunity?Ć?They also called for an internationalstrategy to combat terror through a unified andcomprehensive system for exchanging information?Ć?The Crown Prince?ĆÖs call for establishing an international center for combating terrorism has been commended and welcomed by variouscountries.?ĆØ  ?Ć£The Kingdom had long ago started working onreviewing and revising as well as developing its curriculum to meet the demands of Saudi society.
It was improved to conform to the needs of today?ĆÖsgeneration and to upgrade the student?ĆÖs knowledgeand logic based on human causes and motivesrequired of the new generation.
We tried to eliminate any flaws or what might hinder progressand we tried to ensure that the new curriculumfocuses more on understanding, humanityand tolerance.?ĆØTHE KINGDOM OF SAUDI ARABIA?Ć£Any statements made by leaders of terror organizations that threaten our facilities will always be taken seriously.
We have taken additional security measures in the last three to four monthsto make sure that our facilities, which were already well protected,will be even more protected so that no terrorist will succeed in damaging (even) slightly our facilities.?ĆØDr.
Ali bin Ibrahim Al-Naimi,Minister of Petroleum and Natural Resources ?Ć£It is high time for the ulama [Muslim scholars], and all thinkers,intellectuals and academics, to shoulder their responsibility towardsthe enlightenment of the people, especially the young people, and protect them from deviant ideas.?ĆØShaikh Saleh bin Abdulaziz Al-Ashaikh,Minster of Islamic Affairs, Endowments, Call and Guidance ?Ć£There are two things to remember about reform.
First, a genuinereform is one that is homegrown and responds to the real needs anddemands of the society.
Such a reform always goes hand-in-handwith the values that govern the behavior of individuals and groups,and cannot be attained through importing ready-made models.
Second, the success of a reform presupposes a well-thought-out andgradual approach rather than the pursuit of an abrupt change.
Experiences worldwide, and notably in the Arab world, prove thatany attempt to develop communities through revolution and coupsproduces only destruction.?ĆØDr.
Ghazi bin Abdulrahman Al-Qusaibi,Minister of LaborDELEGATION OF THE UNITED STATESExcerpts from the address to the Counter-Terrorism InternationalConference by Ms.
Frances Fragos Townsend, Assistant to the U.S.President and Homeland Security Advisor On behalf of the President, I want to extend our warm and heartfelt appreciation to the Saudi Arabian government for hosting this event.
Sorecently after hosting pilgrims from around the world making their hajj and so close to historic municipal elections, the leadership and commitmentthe Saudis have shown towards finding practical and effective ways to fightterrorism are commendable.
And I must say, the courage and bravery of allSaudi counterterrorism forces, most especially Mabahith, is laudable and nodoubt a source of enormous pride for all citizens of the Kingdom.
Here inSaudi Arabia, many lives have been lost, and more have been wounded inthe fight against evil.
To the injured and to the families of the killed, I say?Ćśthank you?ĆÖ - as a result of your sacrifice, the world is safer.
In working closely with the Saudi leadership over the past few years,together we have developed some key lessons about combating terrorism.
I would like to share some thoughts on the critical elements we have identified to fight and win the fight against terror from our close cooperationwith Saudi Arabia.
Leadership, intelligence gathering and sharing, crisis management, international cooperation, operational skill and capacity, basic police work,financial acumen, forensic capacity, cultural and religious understanding, and media and information strategies are all part of the long list that eachcountry must cultivate and tailor to meet its own needs.
The most important of these, as we have learned in recent years and acrossour 60-year relationship, is leadership and the shared vision between leaderson how to fight against the scourge of terrorism.
In this context, even beforethe horrific attacks in Riyadh on May 12, 2003, the U.S. and Saudi Arabiahad been increasing counterterrorism cooperation in the wake of 9/11.
Theevents of May 12 provided added impetus to that cooperation and we havewitnessed first-hand the comprehensive Saudi approach to the war on terror.
Shortly after May 12, Saudi Arabia?ĆÖs King, Crown Prince and other seniorleaders declared that terrorism would not deter efforts toward reform anddevelopment, and that all of Saudi society had a role in countering extremistsand their espousal of hate and their indiscriminate use of violence.
Saudi Arabia?ĆÖs leaders understand that the Saudi people expect law enforcement and security forces to find and capture violent extremists.
Safety and security for the entire society come before attempting to changethe hearts and minds of those planning or carrying out terrorist acts.
Therecan be neither negotiation nor accommodation with those who advocate capturing, maiming and killing innocents.
?Ć£The world cannot succeed in defeatingglobal terrorism without Saudi Arabia?ĆÖsvictory over terrorism and extremism on itsown soil.
We stand with the Saudis in thatfight and this conference is a testament totheir commitment ?Ćō to their dedication tocombating terrorism.?ĆØAFP PhotosMs.
Frances Fragos Townsend, Assistant to the President and Homeland Security AdvisorThe world cannot succeed in defeating global terrorism without SaudiArabia?ĆÖs victory over terrorism and extremism on its own soil.
We stand with the Saudis in that fight and this conference is a testament to their commitment ?Ćō to their dedication to combating terrorism.
While the media has focused on terrorist acts and the violent confrontations,we have noted that much more is happening in Saudi Arabia.
The Saudi government and media have begun to educate Saudis about the dangers of extremism.
Parents, educators, and government and religious leadershipsare playing an increasing role in speaking out against extremism.
Greaterefforts are necessary, however, if we are to succeed in eradicating terrorismfrom the Kingdom and the world.
In a broader context, I believe that Saudi Arabia?ĆÖs efforts to improve theeconomy, commerce, education and political participation will in time provide other, constructive outlets for young Saudi citizens.
That effort willbe the foundation stone to the Kingdom?ĆÖs long-term strategy in defeating terrorism and reinforcing a sense of optimism and hope.
Defeating terrorism demands strong leadership, shared responsibility and accountability, and a commitment to change.
We recently witnessed successful, democratic elections in Iraq.
These follow closely on free and fair elections in Afghanistan and the West Bank and Gaza.
These events - if allowed to resonate - are a measure of dramatic change.
We are also seeingan historic change in the Israeli/Palestinian situation, one that can lead tothe fulfillment of President Bush?ĆÖs vision of two states living side by side in peace and security.
We come from more than 60 countries and international organizations.
We are the product of different cultures, different religions, different educations, different forms of government and many different experiences.
But today I invite you to put differences aside and seek common ground.
Each of us here is a son or daughter, husband or wife, father or mother.
And so like you, I am here to learn how I might make the world safer for my children and someday for their children.
RIYADH DECLARATIONThe Counter-Terrorism International Conference held in Riyadh, February 5-8, 2005, issued a final communiqu?? on February 8, known as the ?ĆśRiyadh Declaration.?ĆÖ The following is a summarization.
The Riyadh Declaration stresses that no international effort will becapable of effective confrontation with the phenomenon of terrorismunless there is cooperation and a comprehensive strategic perspectiveto deal with it.
Within this framework, the countries and organizationssupport and adopt the proposal of Deputy Prime Minister andCommander of the National Guard Crown Prince Abdullah binAbdulaziz, referred to in his opening address to the Conference, forthe establishment of an international center for combating terrorism.
A task force has been formed to crystallize this proposal.
The communiqu?? praised the spirit of understanding and cooperationthat prevailed during the Conference and the unanimity of vision andstance concerning the danger of the phenomenon of terrorism and the necessity of confronting it by long-term, united, and organizedinternational efforts.
These efforts must respect the principles of theUnited Nations, particularly those regulations governing human rightsthat enhance its inherent role, in adopting a comprehensive and multilateral approach.
The Conference affirmed that terrorism constantly threatens peace, security and stability, and that there is no justification whatsoever for terrorist acts, which are always condemned whatever their circumstances or alleged motives might be.
The Declaration emphasized the importance of enhancing the valuesof understanding, tolerance, dialogue, and multilateralism, becomingacquainted with other peoples, bringing cultures together, rejectingany clash of civilizations, and combating any ideology that calls forhatred, instigates violence, or justifies the terrorist crimes that aredenounced by all religions and laws.
The Conference affirmed that terrorism has no particular religion,race, nationality or geographical area.
In this context, it stressed that any attempt to link terrorism with any religion is helpful only to the terrorists.
The countries and organizations participating in the Conferenceemphasized their commitment to the United Nations resolutions thatrelate to combating terrorism, calling on the international communityto condemn terrorism, combat it by all means available, and confrontit in every way in accordance with the United Nations Charter, sinceterrorist acts threaten international peace and security.
The Declaration stressed that the United Nations is the basic platformfor the enhancement of international cooperation against terrorism,that the relevant UN Security Council resolutions form a firm andcomprehensive basis for combating terrorism internationally, and thatall countries should fully comply with these resolutions.
It called onall countries to join, ratify and implement the twelve internationaltreaties on combating terrorism.
The Declaration called for the promotion of self-effort aimed atexpanding political participation, achieving sustainable development,meeting the requirements of the social equilibrium, and activating the role of civil institutions, in order to confront the circumstancesthat are conducive to the spread of violence and deviant ideas.
It emphasized the role of the mass media, civil institutions and educational systems in forging strategies to confront terrorist allegations and encouraging the press to set down guidelines for information and news reports.
The Conference demanded that the United Nations develop criteria to facilitate non-profit, charitable and humanitarian organizations incarrying out their roles organizing relief work, and to prevent theirexploitation in illegal activities.
The Declaration called for cooperation at national, bilateral, andregional levels among specializing bodies in the fight against not only terrorism, but money laundering, trafficking in weapons andexplosives, and smuggling drugs, in order to exchange their expertiseand experience, including training, and ensure their effectiveness inconfronting terrorist links to organized crime.
It stressed the need tostrengthen international measures aimed at preventing terrorists frompossessing weapons of mass destruction and to support the role of the United Nations in this respect, including full implementation of UN Security Council resolution 1540.
It called for supporting and assisting countries, upon their request, in the field of combatingterrorism particularly in providing equipment and training and building up their capabilities.
The countries and organizations participating in the Conference calledfor the development of legislation and measures to prevent terroristsfrom exploiting the laws of asylum and immigration in order to obtaina safe haven in certain countries or use the territories of these countriesas bases for recruitment or training, or for planning, instigating orlaunching acts of terrorism against other countries.
The Declaration emphasized the importance of spreading virtuoushuman values and the spirit of tolerance and coexistence, urging themedia to refrain from publishing information materials that call forextremism and violence.
ATTENDING NATIONS AND ORGANIZATIONSAlgeriaArab Republic of EgyptArgentinaAustraliaBelgiumBrazilCanadaDenmarkEthiopiaFranceGreeceIndonesiaIranIraqIslamic State of AfghanistanItalyJapanJordanKazakhstanKenyaKingdom of BahrainKingdom of MoroccoLebanonMalaysiaPakistanPeople?ĆÖs Republic of ChinaPhilippines Republic of IndiaRepublic of YemenRussiaSingaporeSouth AfricaSpainSri LankaState of KuwaitState of QatarSudanSultanate of OmanSyriaFederal Republic of GermanyTajikistan Tanzania The NetherlandsTunisiaTurkeyUkraineUnited Arab EmiratesUnited KingdomUnited States of AmericaUzbekistanAfrican UnionCouncil of Arab Ministers of InteriorEuropean UnionGulf Cooperation CouncilInterpol League of Arab StatesMuslim World LeagueOrganization of the Islamic ConferenceUnited Nations ?Ćō First DelegationUnited Nations ?Ćō Second DelegationHost: Kingdom of Saudi ArabiaRoyal Embassy of Saudi Arabia601 New Hampshire Avenue, N.
W., Washington, D.C."
658,Address on Reform and Stability,2004/12/1,https://saudiembassy.net/reports/address-reform-and-stability,reports,"
Minister of Foreign Affairs HRH Prince Saud Al-Faisal to the Forum of the Future: ?Ć£There is no argument between us either regarding the universality of the values of liberty, equality, and fraternity, or the Jeffersonian democratic ideals or Wilsonian principle of self-determination ?Ć?this unity of vision is quite extraordinary.?ĆØ"
659,Saudi Arabia and the United States Take Joint Action Against Terror Financing,2004/6/1,https://saudiembassy.net/reports/saudi-arabia-and-united-states-take-joint-action-against-terror-financing,reports,"Saudi Arabia to fold Al-Haramain and other charities into National Commission; and with the United States, jointly makes five designations to the United Nations under UNSCR 1267 of 1999. Saudi Arabia and the United States
Take Joint Action Against Terror FinancingFrom Left to Right: Earl Anthony Wayne (Assistant Secretary, Bureau of Economic and Business Affairs, U.S. Department ofState), Adel Al-Jubeir (Foreign Affairs Advisor to Crown Prince Abdullah), Juan Carlos Zarate (Deputy Assistant Secretary,Executive Office of Terrorist Financing and Financial Crime, U.S. Department of Treasury).
Royal Embassy of Saudi Arabia, Washington, D.C.
?Ć£I take it as another sign the Saudis are extremely seriousabout terrorist issues and terrorist finance issues and aremaking serious, important and good-faith efforts to dealwith the problem.?ĆØJohn W.Snow, United States Treasury Secretary, June 3, 2004THE KINGDOM OF SAUDI ARABIA
Charitable Work Abroad.
This new entity will be subject to strict financiallegal oversight, and will operate according to clear policies to ensure thatcharitable funds intended to help the needy are not misused.
?Ć£We are fighting this war on three fronts.
First, we are going after the terrorists.
We are pursuing them relentlessly.
Second, we are going after the mind-set that fomentsand justifies acts of terror.
Third, we are working to identify and shut down the financial sources that support terrorism.?ĆØ
Charitable giving is a requirement of our faith.
It defines who we are as Muslims.
We are proud of the generosity and charity of our people.
Through their donations over the years, millions of hungry people have been fed, tensof thousands of orphans provided for, thousands of wells drilled in arid partsof the world, shelters built for refugees in many parts of the world plaguedby wars, and projects developed in areas to help alleviate poverty.
Generous support for others in need is noble.
But to guard against people takingadvantage of our generosity, we have to ensure that the mechanisms for charitable work cannot be manipulated or misdirected by anyone.
Saudi Arabia has examined this issue very seriously and we have taken bold and decisive action.
We have:?Ć?  put in place world class regulations and financial control mechanisms and we have implemented the FATF?ĆÖs 40 recommendations on money-laundering and 8 recommendations on terror financing.
?Ć?  frozen bank accounts, seized funds and designated organizations and individuals under UN Security Council Resolution 1267.
?Ć?  continued to work with many nations, including the United States, to exchange information and expertise that can help us all combat terrorism and terror-financing.
?Ć?  even gone so far as to end the collection of cash contributions in mosques and public places.
These actions are part of a comprehensive and ongoing program.
Recently,The Financial Action Task Force of the G-8 reviewed our systems and procedures in the financial area and their findings attest to the seriousnessand effectiveness of the measures put in place by Saudi Arabia.
Few countrieshave accomplished as much in this area as Saudi Arabia.
Today, Saudi Arabiaand the United States are taking joint action by designating five entities under UN Security Council Resolution 1267.
A year ago, at this podium, I said, ?Ć£Don?ĆÖt just listen to our words; watch ouractions.?ĆØ I believe any fair-minded observer will see that the actions SaudiArabia has taken over the past year have been comprehensive, bold and decisive.
And they have been effective.
And God willing, they will help rid our world of the scourge of terrorism.
Thank you.
Prepared Remarks of Adel Al-Jubeir,Foreign Affairs Advisor to the Crown Prince
Just over a year ago, I stood at this podium to talk to you about the horrific
Al-Qaeda attacks in Riyadh.
While the threat of terrorism was not new toSaudi Arabia, for us, May 12, 2003 was a turning point.
From that day forward, Saudi Arabia and its people have been galvanized in the fight againstterrorism as never before.
As we have seen from the attacks in Al-Khobar this past weekend, Al-Qaeda is trying to destabilize our economy and ourgovernment.
But their barbaric actions, grow more desperate while theresolve of our people to uproot them grows stronger.
We have no doubt that we will, God willing, prevail.
We are fighting this war on three fronts.
?Ć? First, we are going after the terrorists.
We are pursuing them relentlessly.
Over the past year, we have captured or killed many of their leaders, seizedtheir weapons, and uncovered their arms caches.
Hundreds of their members are in custody.
Our leaders have vowed to pursue them until we rid our nation of these deviant individuals, regardless of how long it takes.
Our security forces continue to do heroic work, and many have given theirlives to protect the innocent.
And for that they have our eternal gratitude.
?Ć? Second, we are going after the mind-set that foments and justifies acts of terror.
Our religious scholars continue to speak out forcefully about thetrue nature of our faith, which is one of peace and tolerance, not hatred and violence.
We are revitalizing our educational system and are training imamsat our mosques to ensure there is no room for incitement and intolerance.
?Ć? Third, we are working to identify and shut down the financial sources thatsupport terrorism.
We have audited our charities and reorganized charitablework abroad to ensure that funds reach their intended recipients.
We have established a new entity through which all private relief work abroad will bechanneled.
All existing entities and committees that used to operate abroad,including Al-Haramain, will be dissolved or will have their international operations and assets folded into the Saudi National Commission for
U.S. DEPARTMENT OF THE TREASURY
Prepared Remarks of Juan Carlos Zarate, Deputy Assistant Secretary, Executive Office of Terrorist Financing and FinancialCrime, U.S. Department of the Treasury
Thank you very much, Adel, for inviting us here today to make this importantannouncement.
I am pleased to announce that, once again, the United States and SaudiArabia have joined forces to identify and choke off additional channels of terrorist financing.
Today, the U.S. and Saudi Arabia are designating five additional branches of the Saudi-based charity, Al-Haramain, located in Afghanistan, Albania,Bangladesh, Ethiopia and the Netherlands.
We will jointly be submitting these names to the United Nations 1267 Committee for listing by the UnitedNations.
In doing so, we are calling on the U.N.to designate these groups aswell, which will bring to bear the full weight of the international communityand require the freezing of any accounts or transactions now or in the future.
This is another important joint step with the Saudi government ?Ćō steps thatbegan in March 2002 ?Ćō to designate known supporters of terrorism.
The United States is also announcing today the designation of Al Haramain?ĆÖsformer leader, Aqeel Abdulaziz Al-Aqil, and will be submitting his name to the United Nations for designation as well.
These entities and this individual have provided financial, material and logistical support to the al-Qaida network, Usama bin Laden or the Taliban,fueling and facilitating their efforts to carry out vile acts against innocentindividuals and the civilized world.
?Ć£I am pleased to announce that, once again,the United States and Saudi Arabia havejoined forces to identify and choke off additional channels of terrorist financing.?ĆØThe terrorist attacks this past weekend in the Kingdom demonstrate againthat we are engaged in a global battle against terrorism ?Ćō a battle that affectsSaudi Arabia directly on a daily basis.
As we have seen over the course of AlQaida?ĆÖs history, it terrorizes and kills victims around the world of every race,creed and color.
These terrorists and their sympathizers have abused charities not only as ameans of raising funds but also to provide logistical support and cover forterrorist operations.
That is the case with the branches and activities of AlHaramain we have designated.
It was under the cloak of charity that Aqeel al Aqil used the al Haramain organization to benefit himself and al Qaida ?Ćō to support al Qaida-related groups like Al Ittihad Al Islamiya and al Qaidatrained fighters.
Mr.Aqil has attempted to evade Saudi controls on hisfinances, and we have worked with the Saudi government to ensure that he can no longer wield control over Al Haramain and its resources.
The use of charities for terrorist financing is not a new phenomenon, nor dowe think it will stop with these actions.
That is why we are pleased that the Saudi government has taken even more aggressive structural and regulatory steps to deal with the abuse of charities within the Kingdom.
With theannouncement of the Saudi National Commission for Relief and CharityWork, the Saudi government is signaling again its long-term commitment to reform in this sector.
We will continue to work with our international partners and the charitablecommunity to protect the sector from terrorists, who mock the very notion of charity and use it to fuel their hate-filled agendas.
The Bush Administration is committed to rooting out terrorism ?Ćō root and branch ?Ćō through all possible means.
Our worldwide effort to attack the financial infrastructure of terror has made it more difficult for al Qaidaand other terrorist groups to underwrite terror and has forced them to resort to less secure methods to move dollars.
With today?ĆÖs action, 374 individuals and entities have been designated underPresident Bush?ĆÖs Executive Order aimed at freezing the assets of terroristsand their supporters.
Nearly $140 million in terrorist-related assets has been frozen as a result of efforts by the United States and its allies.
?Ć£.
we are pleased that the Saudi governmenthas taken even more aggressive structuraland regulatory steps to deal with the abuseof charities within the Kingdom.?ĆØThough our struggle against terrorism is not over, actions like today?ĆÖs can foilthe short-term goals of terrorists while thwarting their long-term ambitions ?Ćōleading to the ultimate dismantling of terrorist networks.
Continued collective efforts by Saudi Arabia and our international allies, liketoday?ĆÖs, will lead to further successes in the financial war on terror.
We willnot tire in these efforts ?Ćō we will continue to cut off channels of financing, we will ostracize those who supporter or facilitate terrorism, we will continueto capture or kill operatives and facilitators and we will bring to justice thosewho seek to do us harm.
The civilized world has rallied against terrorism,and we remain resolute in our efforts.
Thank you very much.
?Ć£And what we are doing today with the United States in terms of the joint designations is another example of the close cooperationbetween the two countries.
It is an example of the determination of both countries to rid the world of terrorism and to hold those who finance terrorism accountable.?ĆØ?Ć£We are determined to go after those who finance it, or those who condone it or justify it in any way, shape or form.?ĆØAdel Al-Jubeir, Foreign Affairs Advisor to the Crown Prince?Ć£Indeed, today's Charity Commission announcement with SaudiArabia is going to mark a clear step in the direction of increasingaccountability and transparency in an area which, unfortunately, has been abused; where many well-intentioned people thought theywere doing good things with their money.?ĆØ?Ć£It's an ongoing effort, it's a tough effort, but we're committed to keep at it and to work with our partners and to build that partnership and make it more concrete in the weeks and months ahead.?ĆØEarl Anthony Wayne, Assistant Secretary, Bureau of Economic and Business Affairs, U.S. Department of State?Ć£I will tell you that we work very closely with the Saudi government on suspicions that arise, and we work with them to garner as much information as possible not only with respect to entities, but with respect to individuals who may be supporting Al-Qaeda.?ĆØ?Ć£But I think the significant announcement today on the part of the Saudis should not be lost.
The fact that they are folding in all of their charities into one centralized charitable organization is a major step forward, and we?ĆÖre looking forward to seeing the implementation of that.?ĆØJuan Carlos Zarate, Deputy Assistant Secretary, Executive Office of Terrorist Financing and Financial Crime, U.S. Department of Treasury
U.S. DEPARTMENT OF STATE
Remarks of Earl Anthony Wayne, Assistant Secretary, Bureau ofEconomic and Business Affairs, U.S. Department of StateMR.
WAYNE:  Thank you.
I thought I might add a little bit of perspective to today?ĆÖs actions.
First, the actions against the branches of Al-Haramain and the former leaderof Al-Haramain Foundation are part of a long-term effort.
Just to recall, inMarch of 2002, we jointly designated the Bosnian and Somali branches ofthis organization.
In December of 2003, we designated the Bosnian branch,which had renamed itself under a new name and continued to operate.
In January of this year, we designated the Indonesian, Pakistani, Tanzanianand Kenyan branches of this organization.
Now of course, this is all part of a much larger effort to fight the financing of terrorism.
Our objectives include changing people?ĆÖs behavior; making it more difficultfor the terrorists to get hold of funds that they need to operate and that theyneed to sustain and increase their ranks.
By designating these names, andtaking other steps, we are creating an environment where people are likely tothink twice before they send funds to questionable institutions, organizationsand individuals, because they understand there?ĆÖs a price to be paid, and theyunderstand that some of these institutions and channels have been misusedand abused.
This year alone we have made a number of other designations around theworld.
And just a brief reminder; in January we designated and submitted to the United Nations and they designated a key spokesman for Al-Qaeda.
InFebruary, a key supporter of Al-Qaeda from the Middle East was designatedby the United Nations.
In March, Italy submitted 10 names of an organizationrelated to Al-Qaeda that had been operating in that country.
In April,Germany submitted four names from a group tied to Al-Qaeda that had beeninvolved in the kidnapping of terrorists in Algeria.
In May of this year, theUnited States submitted to the U.N.
three Bosnian-based charities which hadalso been linked to Al-Qaeda and abused.
And today, of course, as was just mentioned, we are submitting to the United Nations the names of thesebranches of the Al-Haramain Foundation, and the name of the former leaderof the foundation.
We are working on other public actions like this, and youwill see additional designations in the months ahead.
I think that all in all, it is clear that we have made it ?Ćö through these effortsand through many non-public efforts ?Ćö a lot harder to raise and move fundsaround through regular banking channels.
At the same time, there are othervulnerable areas that we?ĆÖre working on.
Today we mentioned charities.
But in addition, there?ĆÖs the challenge of cash couriers, people that carry moneyacross borders.
There?ĆÖs the challenge of cash transfer services, known in the Middle East as ?Ć£hawalas.?ĆØ All of these are challenges that we and ourinternational partners need to take on.
Different countries have taken different approaches.
And in doing this, we?ĆÖre developing a set of best practices and good, practical partnerships around the world to deal withthese challenges.
Indeed, today?ĆÖs Charity Commission announcement with Saudi Arabia is going to mark a clear step in the direction of increasing accountability and transparency in an area which, unfortunately, has been abused; wheremany well-intentioned people thought they were doing good things with their money.
But we aren?ĆÖt just working with the government of Saudi Arabia.
We?ĆÖre talking to the government of Russia, the government of Turkey, governmentsin South Asia, governments in Latin America and in Europe to increase ouropportunities to identify new practical steps to take on the financing of terrorism.
We?ĆÖre working very closely, for example, with the European Unionand their new counterterrorism coordinator to come up with a number ofsteps that we can put into practice this year to make our mutual cooperationmore effective in cutting off the flow of funds to terrorism.
As was mentioned earlier, the Financial Action Task Force has played a vital role multilaterally in helping set standards and raise practical standardsand legislative ?Ćö legislation in place to new levels.
The Philippines,Indonesia and Nigeria have been among those countries that have upgradedtheir legislation and their practices, as Saudi Arabia has recently, to reflectthe FATF standards.
And the mandate of the Financial Action Task Force has just been reviewed, reflecting its very successful efforts to fight moneylaundering and to take on terrorist financing.
Another part of this that I just want to emphasize is the practical training and effort that goes on at building the capacity of countries around theworld.
So regulators around the world, so officials around the world canbenefit from the lessons learned elsewhere.
Certainly we have worked closely with many Saudi officials, but this is going on in many key countries,and we?ĆÖre working with our G-8 partners to this end.
There?ĆÖs much progress that we still need to make in cutting off the flow offunds to terrorism, and we need to assure that we continue to aggressivelypursue all the kinds of steps and actions that we?ĆÖve mentioned today.
It?ĆÖs an ongoing effort, it?ĆÖs a tough effort, but we?ĆÖre committed to keep at it and to work with our partners and to build that partnership and make it moreconcrete in the weeks and months ahead.
Thank you.
ROYAL EMBASSY OF SAUDI ARABIAINFORMATION OFFICEFOR IMMEDIATE RELEASE June 2, 2004CONTACT: Saudi Information Office202-337-4076http://www.
saudiembassy.
netSAUDI ARABIA TO FOLD AL-HARAMAIN AND OTHER CHARITIES INTO NATIONAL COMMISSION; AND WITH THE UNITED STATES JOINTLY MAKESFIVE DESIGNATIONS TO THE UNITED NATIONS UNDER UNSCR 1267 OF 1999[Washington, DC] [June 2, 2004] ?Ćö The governments of Saudi Arabia and the United States once againhave come together to make designations to the United Nations 1267 Sanctions Committee to add fiveentities to its consolidated list of financiers of terrorism.
The five designated organizations are located in the Netherlands, Albania, Afghanistan, Bangladesh, and Ethiopia and are offices or former offices ofthe Al-Haramain Islamic Foundation.
In addition, the Saudi government is dissolving the Riyadh-basedAl-Haramain Islamic Foundation, along with other Saudi charities and committees which used to operateabroad.
The assets of these entities will be folded into the Saudi National Commission for Relief andCharity Work Abroad.
The National Commission, which will be a non-governmental body, will takeover all aspects of private overseas aid operations and assume responsibility for the distribution of privatecharitable donations from Saudi Arabia.
According to Adel Al-Jubeir, Foreign Affairs Advisor to the Crown Prince: ?Ć£The humanitarian workundertaken by Saudi charities has helped millions of needy individuals.
Charitable giving is a requirement of our faith, and a noble undertaking.
We are very proud of the generosity and charity of our people, and their concern for those less fortunate.
The National Commission is being establishedto ensure that all charitable donations abroad reach their intended recipients, and to protect charitabledonations from possible abuse.?ĆØ Saudi Arabia has put in place world class regulations and mechanisms to guard against money launderingand the financing of terrorism.
An in-depth external audit (mutual evaluation) recently completed by theG-8?ĆÖs Financial Action Task Force (FATF) attested to their viability.
According to Al-Jubeir: ?Ć£Few countries have done more than Saudi Arabia to combat terror financing,and the FATF findings attest to that.?ĆØToday?ĆÖs act of designation is the result of ongoing efforts to combat terrorism.
In August 2003, SaudiArabia and the United States established a joint task force in Riyadh aimed at combating the financing of terrorism.
Al-Jubeir stated: ?Ć£Saudi Arabia is working with other countries to identify and stop individuals and organizations that finance terror.
Protecting innocent people from the inhuman acts of terrorism is the responsibility of all peace-loving nations and can only be accomplished through international cooperation.?ĆØ"
660,The United States and Saudi Arabia: A Relationship Threatened by Misconceptions,2004/4/1,https://saudiembassy.net/reports/united-states-and-saudi-arabia-relationship-threatened-misconceptions,reports,"
Minister of Foreign Affairs HRH Prince Saud Al-Faisal to the Council on Foreign Relations:??""...Saudi Arabia and the United States have enjoyed a well known 'special relationship' which, over a period of 70 years had developed and blossomed into a strategic alliance that benefited both countries."""
661,Saudi-European Relations: Towards a Reliable Partnership,2004/2/1,https://saudiembassy.net/reports/saudi-european-relations-towards-reliable-partnership,reports,"
Minister of Foreign Affairs HRH Prince Saud Al-Faisal to the European Policy Centre:??""...History, geography and basic common sense provide ample rationale for recognizing the value and practicality of building a strong and viable partnership between us."""
662,Joint Press Conference Newsletter,2004/1/1,https://saudiembassy.net/reports/joint-press-conference-newsletter,reports,"On January 22, 2004, in a joint press conference, U.S. Treasury Secretary John Snow and Adel Al-Jubeir, Foreign Affairs Advisor to Crown Prince Abdullah, called upon the United Nations Sanctions Committee to designate four branch offices of the Al-Haramain Islamic Foundation as financial supporters of terrorism."
663,Initiatives & Actions Taken by the Kingdom of Saudi Arabia in the War on Terrorism,2003/9/1,https://saudiembassy.net/reports/initiatives-actions-taken-kingdom-saudi-arabia-war-terrorism,reports,"This report is a compilation of reports, statements and press releases issues by the Kingdom of Saudi Arabia since September 11, 2001."
664,The Kingdom of Saudi Arabia Information on Current Issues,2003/3/1,https://saudiembassy.net/reports/kingdom-saudi-arabia-information-current-issues,reports,"This booklet provides an overview of progress made by the Kingdom of Saudi Arabia as a partner in the war on terrorism and includes new economic, religious and legislative actions and initiatives enacted since September 11. While the Kingdom of Saudi Arabia is a traditional Islamic nation, it is committed to moving ahead to adjust to international and domestic challenges."
